id,label
0,0.5587500333786011
1,0.6812499761581421
2,0.7618750333786011
3,0.7856251001358032
4,0.8206249475479126
5,0.8193750381469727
6,0.8400000929832458
7,0.8693749308586121
8,0.8656249642372131
9,0.8793750405311584
